id,name,issued,expiry,dob,dept
1,Harvey Watts,04/19/2015,12/03/2047,9/4/1959,IT
2,Bertha Barnes,08/20/2020,09/14/2056,1/20/2000,CSE
3,Alan Sandoval,06/19/2016,01/13/2027,09/22/1970,CIVIL
4,John Bowen,08/19/2018,10/26/2039,09/23/1900,MECHANICAL
5,Ronnie Lawrence,12/06/2007,02/13/2042,11/06/1981,IT
6,Ricardo Edwards,12/25/2008,09/30/2048,05/18/1998,CSSE
7,Elizabeth Hunt,01/20/2001,11/14/2064,04/23/1955,CSE
8,Tommy Lambert,04/20/2004,01/27/2059,12/21/1969,MECHANICAL
9,James Richards,03/11/2006,02/06/2051,03/24/1968,CSE
10,Kenneth Logan,01/01/2011,05/18/2053,05/06/1983,CSSE
